snapshot_id,webcam_id,image_path_or_url,target_label,source,llm_quality
87291,13009408,https://storage.googleapis.com/sunrisesunset-32a25.firebasestorage.app/snapshots/13009408/1773527493037.jpg,0,webcam,0.45
72775,5006,https://storage.googleapis.com/sunrisesunset-32a25.firebasestorage.app/snapshots/5006/1771645489136.jpg,0,webcam,0.0
66756,10479822,https://storage.googleapis.com/sunrisesunset-32a25.firebasestorage.app/snapshots/10479822/1770395677728.jpg,0,webcam,0.45
112217,4892309,https://storage.googleapis.com/sunrisesunset-32a25.firebasestorage.app/snapshots/4892309/1783507570808.jpg,0,webcam,0.0
88144,160,https://storage.googleapis.com/sunrisesunset-32a25.firebasestorage.app/snapshots/160/1773557371966.jpg,1,webcam,0.45
112427,28799369,https://storage.googleapis.com/sunrisesunset-32a25.firebasestorage.app/snapshots/28799369/1783568779647.jpg,0,webcam,0.4
69536,11742298,https://storage.googleapis.com/sunrisesunset-32a25.firebasestorage.app/snapshots/11742298/1770971209172.jpg,1,webcam,0.55
106929,17708138,https://storage.googleapis.com/sunrisesunset-32a25.firebasestorage.app/snapshots/17708138/1782037863392.jpg,1,webcam,0.3
70411,12207849,https://storage.googleapis.com/sunrisesunset-32a25.firebasestorage.app/snapshots/12207849/1771148210043.jpg,0,webcam,0.0
87206,15889458,https://storage.googleapis.com/sunrisesunset-32a25.firebasestorage.app/snapshots/15889458/1773526472704.jpg,0,webcam,0.0
67270,5203,https://storage.googleapis.com/sunrisesunset-32a25.firebasestorage.app/snapshots/5203/1770680594282.jpg,0,webcam,0.0
83869,15938105,https://storage.googleapis.com/sunrisesunset-32a25.firebasestorage.app/snapshots/15938105/1773479854481.jpg,0,webcam,0.0
82641,16404607,https://storage.googleapis.com/sunrisesunset-32a25.firebasestorage.app/snapshots/16404607/1773459145422.jpg,0,webcam,0.0
89987,312,https://storage.googleapis.com/sunrisesunset-32a25.firebasestorage.app/snapshots/312/1773988472536.jpg,1,webcam,0.45
92136,18420477,https://storage.googleapis.com/sunrisesunset-32a25.firebasestorage.app/snapshots/18420477/1774456053367.jpg,0,webcam,0.0
74811,160,https://storage.googleapis.com/sunrisesunset-32a25.firebasestorage.app/snapshots/160/1772146849544.jpg,0,webcam,0.45
83717,12840548,https://storage.googleapis.com/sunrisesunset-32a25.firebasestorage.app/snapshots/12840548/1773477812231.jpg,0,webcam,0.0
84712,2956395,https://storage.googleapis.com/sunrisesunset-32a25.firebasestorage.app/snapshots/2956395/1773489332459.jpg,0,webcam,0.0
90128,17580012,https://storage.googleapis.com/sunrisesunset-32a25.firebasestorage.app/snapshots/17580012/1774023215920.jpg,1,webcam,0.35
101632,28470202,https://storage.googleapis.com/sunrisesunset-32a25.firebasestorage.app/snapshots/28470202/1781049679829.jpg,0,webcam,0.1
89562,10300,https://storage.googleapis.com/sunrisesunset-32a25.firebasestorage.app/snapshots/10300/1773886352217.jpg,0,webcam,0.0
113660,28799369,https://storage.googleapis.com/sunrisesunset-32a25.firebasestorage.app/snapshots/28799369/1783915267943.jpg,0,webcam,0.1
73531,5222445,https://storage.googleapis.com/sunrisesunset-32a25.firebasestorage.app/snapshots/5222445/1771826328932.jpg,0,webcam,0.0
84853,8204930,https://storage.googleapis.com/sunrisesunset-32a25.firebasestorage.app/snapshots/8204930/1773490893306.jpg,1,webcam,0.65
111377,28615436,https://storage.googleapis.com/sunrisesunset-32a25.firebasestorage.app/snapshots/28615436/1783281679076.jpg,0,webcam,0.0
66562,8211030,https://storage.googleapis.com/sunrisesunset-32a25.firebasestorage.app/snapshots/8211030/1770171608479.jpg,0,webcam,0.0
93539,7688307,https://storage.googleapis.com/sunrisesunset-32a25.firebasestorage.app/snapshots/7688307/1774716454220.jpg,1,webcam,0.45
82185,16557666,https://storage.googleapis.com/sunrisesunset-32a25.firebasestorage.app/snapshots/16557666/1773453924217.jpg,1,webcam,0.45
92302,17458813,https://storage.googleapis.com/sunrisesunset-32a25.firebasestorage.app/snapshots/17458813/1774482092762.jpg,1,webcam,0.0
93318,6148965,https://storage.googleapis.com/sunrisesunset-32a25.firebasestorage.app/snapshots/6148965/1774674692930.jpg,0,webcam,0.0
78208,2610,https://storage.googleapis.com/sunrisesunset-32a25.firebasestorage.app/snapshots/2610/1772963343273.jpg,0,webcam,0.0
83949,16454085,https://storage.googleapis.com/sunrisesunset-32a25.firebasestorage.app/snapshots/16454085/1773481117287.jpg,0,webcam,0.0
96964,312,https://storage.googleapis.com/sunrisesunset-32a25.firebasestorage.app/snapshots/312/1775448992912.jpg,0,webcam,0.35
74267,8695193,https://storage.googleapis.com/sunrisesunset-32a25.firebasestorage.app/snapshots/8695193/1772009749176.jpg,0,webcam,0.0
113883,28999873,https://storage.googleapis.com/sunrisesunset-32a25.firebasestorage.app/snapshots/28999873/1783977375873.jpg,1,webcam,0.4
102774,28774047,https://storage.googleapis.com/sunrisesunset-32a25.firebasestorage.app/snapshots/28774047/1781383534403.jpg,1,webcam,0.35
79091,3115776,https://storage.googleapis.com/sunrisesunset-32a25.firebasestorage.app/snapshots/3115776/1773181614292.jpg,0,webcam,0.0
95822,15293,https://storage.googleapis.com/sunrisesunset-32a25.firebasestorage.app/snapshots/15293/1775185412551.jpg,1,webcam,0.55
119082,28470202,https://storage.googleapis.com/sunrisesunset-32a25.firebasestorage.app/snapshots/28470202/1785406560596.jpg,1,webcam,0.15
66884,2951173,https://storage.googleapis.com/sunrisesunset-32a25.firebasestorage.app/snapshots/2951173/1770410989589.jpg,1,webcam,0.45
101336,28615436,https://storage.googleapis.com/sunrisesunset-32a25.firebasestorage.app/snapshots/28615436/1780956927932.jpg,0,webcam,0.0
111613,3147501,https://storage.googleapis.com/sunrisesunset-32a25.firebasestorage.app/snapshots/3147501/1783335722984.jpg,1,webcam,0.65
96342,17885510,https://storage.googleapis.com/sunrisesunset-32a25.firebasestorage.app/snapshots/17885510/1775307153355.jpg,0,webcam,0.0
73350,160,https://storage.googleapis.com/sunrisesunset-32a25.firebasestorage.app/snapshots/160/1771785408998.jpg,0,webcam,0.0
96516,3702,https://storage.googleapis.com/sunrisesunset-32a25.firebasestorage.app/snapshots/3702/1775341111879.jpg,0,webcam,0.0
90478,17885510,https://storage.googleapis.com/sunrisesunset-32a25.firebasestorage.app/snapshots/17885510/1774101091824.jpg,0,webcam,0.0
82472,15579363,https://storage.googleapis.com/sunrisesunset-32a25.firebasestorage.app/snapshots/15579363/1773457166769.jpg,0,webcam,0.0
115851,28999873,https://storage.googleapis.com/sunrisesunset-32a25.firebasestorage.app/snapshots/28999873/1784502963502.jpg,1,webcam,0.35
69943,9540652,https://storage.googleapis.com/sunrisesunset-32a25.firebasestorage.app/snapshots/9540652/1771050648748.jpg,0,webcam,0.0
72421,6148965,https://storage.googleapis.com/sunrisesunset-32a25.firebasestorage.app/snapshots/6148965/1771561254283.jpg,0,webcam,0.0
85009,7251378,https://storage.googleapis.com/sunrisesunset-32a25.firebasestorage.app/snapshots/7251378/1773492632761.jpg,0,webcam,0.0
82015,7437829,https://storage.googleapis.com/sunrisesunset-32a25.firebasestorage.app/snapshots/7437829/1773452004454.jpg,0,webcam,0.0
92137,6148965,https://storage.googleapis.com/sunrisesunset-32a25.firebasestorage.app/snapshots/6148965/1774456172465.jpg,0,webcam,0.0
88287,5961426,https://storage.googleapis.com/sunrisesunset-32a25.firebasestorage.app/snapshots/5961426/1773591272411.jpg,0,webcam,0.35
114543,28916704,https://storage.googleapis.com/sunrisesunset-32a25.firebasestorage.app/snapshots/28916704/1784155570739.jpg,1,webcam,0.35
80292,13484960,https://storage.googleapis.com/sunrisesunset-32a25.firebasestorage.app/snapshots/13484960/1773429386545.jpg,0,webcam,0.0
84406,2949724,https://storage.googleapis.com/sunrisesunset-32a25.firebasestorage.app/snapshots/2949724/1773486156113.jpg,0,webcam,0.0
106515,28799369,https://storage.googleapis.com/sunrisesunset-32a25.firebasestorage.app/snapshots/28799369/1781927173374.jpg,0,webcam,0.3
96077,1457,https://storage.googleapis.com/sunrisesunset-32a25.firebasestorage.app/snapshots/1457/1775244632192.jpg,0,webcam,0.0
115410,27474067,https://storage.googleapis.com/sunrisesunset-32a25.firebasestorage.app/snapshots/27474067/1784390461847.jpg,1,webcam,0.3
82275,12777287,https://storage.googleapis.com/sunrisesunset-32a25.firebasestorage.app/snapshots/12777287/1773454886011.jpg,0,webcam,0.25
67131,2978042,https://storage.googleapis.com/sunrisesunset-32a25.firebasestorage.app/snapshots/2978042/1770607634531.jpg,0,webcam,0.0
106922,12218487,https://storage.googleapis.com/sunrisesunset-32a25.firebasestorage.app/snapshots/12218487/1782036071619.jpg,1,webcam,0.25
84456,10177628,https://storage.googleapis.com/sunrisesunset-32a25.firebasestorage.app/snapshots/10177628/1773486695630.jpg,0,webcam,0.45
107750,28871581,https://storage.googleapis.com/sunrisesunset-32a25.firebasestorage.app/snapshots/28871581/1782266465048.jpg,1,webcam,0.55
86815,4301906,https://storage.googleapis.com/sunrisesunset-32a25.firebasestorage.app/snapshots/4301906/1773520711638.jpg,0,webcam,0.0
93876,4738,https://storage.googleapis.com/sunrisesunset-32a25.firebasestorage.app/snapshots/4738/1774776932640.jpg,0,webcam,0.0
87990,3088970,https://storage.googleapis.com/sunrisesunset-32a25.firebasestorage.app/snapshots/3088970/1773534993996.jpg,0,webcam,0.0
67105,12431,https://storage.googleapis.com/sunrisesunset-32a25.firebasestorage.app/snapshots/12431/1770607560110.jpg,0,webcam,0.0
82197,6497134,https://storage.googleapis.com/sunrisesunset-32a25.firebasestorage.app/snapshots/6497134/1773454047371.jpg,0,webcam,0.45
92791,6148965,https://storage.googleapis.com/sunrisesunset-32a25.firebasestorage.app/snapshots/6148965/1774576233093.jpg,0,webcam,0.0
110951,28960220,https://storage.googleapis.com/sunrisesunset-32a25.firebasestorage.app/snapshots/28960220/1783174556704.jpg,1,webcam,0.45
87505,13997032,https://storage.googleapis.com/sunrisesunset-32a25.firebasestorage.app/snapshots/13997032/1773529714880.jpg,0,webcam,0.0
89723,160,https://storage.googleapis.com/sunrisesunset-32a25.firebasestorage.app/snapshots/160/1773925232872.jpg,0,webcam,0.0
74564,13476704,https://storage.googleapis.com/sunrisesunset-32a25.firebasestorage.app/snapshots/13476704/1772084269467.jpg,0,webcam,0.0
71647,308,https://storage.googleapis.com/sunrisesunset-32a25.firebasestorage.app/snapshots/308/1771393369610.jpg,0,webcam,0.0
112186,28980975,https://storage.googleapis.com/sunrisesunset-32a25.firebasestorage.app/snapshots/28980975/1783498583275.jpg,1,webcam,0.3
84872,16145085,https://storage.googleapis.com/sunrisesunset-32a25.firebasestorage.app/snapshots/16145085/1773491071614.jpg,0,webcam,0.0
85326,7439776,https://storage.googleapis.com/sunrisesunset-32a25.firebasestorage.app/snapshots/7439776/1773497135724.jpg,1,webcam,0.45
93622,16430846,https://storage.googleapis.com/sunrisesunset-32a25.firebasestorage.app/snapshots/16430846/1774727431854.jpg,0,webcam,0.0
82499,13973811,https://storage.googleapis.com/sunrisesunset-32a25.firebasestorage.app/snapshots/13973811/1773457405722.jpg,0,webcam,0.0
72193,11459,https://storage.googleapis.com/sunrisesunset-32a25.firebasestorage.app/snapshots/11459/1771509769411.jpg,0,webcam,0.0
70769,160,https://storage.googleapis.com/sunrisesunset-32a25.firebasestorage.app/snapshots/160/1771217629142.jpg,0,webcam,0.45
66730,153,https://storage.googleapis.com/sunrisesunset-32a25.firebasestorage.app/snapshots/153/1770395481624.jpg,0,webcam,0.45
93641,3631982,https://storage.googleapis.com/sunrisesunset-32a25.firebasestorage.app/snapshots/3631982/1774729712507.jpg,0,webcam,0.0
73378,10300,https://storage.googleapis.com/sunrisesunset-32a25.firebasestorage.app/snapshots/10300/1771792669140.jpg,0,webcam,0.0
92033,4738,https://storage.googleapis.com/sunrisesunset-32a25.firebasestorage.app/snapshots/4738/1774431332642.jpg,0,webcam,0.45
109779,6073443,https://storage.googleapis.com/sunrisesunset-32a25.firebasestorage.app/snapshots/6073443/1782837067495.jpg,1,webcam,0.45
93441,15872738,https://storage.googleapis.com/sunrisesunset-32a25.firebasestorage.app/snapshots/15872738/1774694973407.jpg,0,webcam,0.0
72232,12722034,https://storage.googleapis.com/sunrisesunset-32a25.firebasestorage.app/snapshots/12722034/1771520092306.jpg,0,webcam,0.0
102731,798835,https://storage.googleapis.com/sunrisesunset-32a25.firebasestorage.app/snapshots/798835/1781366424002.jpg,0,webcam,0.0
109495,28841296,https://storage.googleapis.com/sunrisesunset-32a25.firebasestorage.app/snapshots/28841296/1782763280659.jpg,0,webcam,0.25
85019,8204930,https://storage.googleapis.com/sunrisesunset-32a25.firebasestorage.app/snapshots/8204930/1773492753579.jpg,1,webcam,0.45
77000,15293,https://storage.googleapis.com/sunrisesunset-32a25.firebasestorage.app/snapshots/15293/1772673710527.jpg,0,webcam,0.25
79127,7682168,https://storage.googleapis.com/sunrisesunset-32a25.firebasestorage.app/snapshots/7682168/1773183826541.jpg,0,webcam,0.0
71809,160,https://storage.googleapis.com/sunrisesunset-32a25.firebasestorage.app/snapshots/160/1771428770262.jpg,0,webcam,0.45
86672,16533599,https://storage.googleapis.com/sunrisesunset-32a25.firebasestorage.app/snapshots/16533599/1773517951444.jpg,0,webcam,0.0
88606,2994347,https://storage.googleapis.com/sunrisesunset-32a25.firebasestorage.app/snapshots/2994347/1773658412702.jpg,0,webcam,0.0
83010,3554225,https://storage.googleapis.com/sunrisesunset-32a25.firebasestorage.app/snapshots/3554225/1773464124667.jpg,0,webcam,0.0
88590,15872738,https://storage.googleapis.com/sunrisesunset-32a25.firebasestorage.app/snapshots/15872738/1773656013748.jpg,0,webcam,0.0
81166,16534687,https://storage.googleapis.com/sunrisesunset-32a25.firebasestorage.app/snapshots/16534687/1773443007838.jpg,1,webcam,0.45
84111,4279,https://storage.googleapis.com/sunrisesunset-32a25.firebasestorage.app/snapshots/4279/1773482976216.jpg,0,webcam,0.45
66782,2964613,https://storage.googleapis.com/sunrisesunset-32a25.firebasestorage.app/snapshots/2964613/1770395810518.jpg,0,webcam,0.0
107186,6168685,https://storage.googleapis.com/sunrisesunset-32a25.firebasestorage.app/snapshots/6168685/1782110766453.jpg,1,webcam,0.2
96700,4738,https://storage.googleapis.com/sunrisesunset-32a25.firebasestorage.app/snapshots/4738/1775387253604.jpg,0,webcam,0.0
114071,28853552,https://storage.googleapis.com/sunrisesunset-32a25.firebasestorage.app/snapshots/28853552/1784016969761.jpg,1,webcam,0.25
108167,38,https://storage.googleapis.com/sunrisesunset-32a25.firebasestorage.app/snapshots/38/1782376270693.jpg,1,webcam,0.35
88404,3702,https://storage.googleapis.com/sunrisesunset-32a25.firebasestorage.app/snapshots/3702/1773612693544.jpg,1,webcam,0.55
86005,16410902,https://storage.googleapis.com/sunrisesunset-32a25.firebasestorage.app/snapshots/16410902/1773507694177.jpg,0,webcam,0.0
92995,160,https://storage.googleapis.com/sunrisesunset-32a25.firebasestorage.app/snapshots/160/1774616673895.jpg,0,webcam,0.0
94565,6148965,https://storage.googleapis.com/sunrisesunset-32a25.firebasestorage.app/snapshots/6148965/1774911212725.jpg,0,webcam,0.0
117562,28588659,https://storage.googleapis.com/sunrisesunset-32a25.firebasestorage.app/snapshots/28588659/1784976358823.jpg,0,webcam,0.4
116744,2885722,https://storage.googleapis.com/sunrisesunset-32a25.firebasestorage.app/snapshots/2885722/1784756763671.jpg,1,webcam,0.1
66768,4579818,https://storage.googleapis.com/sunrisesunset-32a25.firebasestorage.app/snapshots/4579818/1770395735688.jpg,0,webcam,0.55
118403,28818681,https://storage.googleapis.com/sunrisesunset-32a25.firebasestorage.app/snapshots/28818681/1785225728544.jpg,0,webcam,0.0
80317,6148965,https://storage.googleapis.com/sunrisesunset-32a25.firebasestorage.app/snapshots/6148965/1773430225885.jpg,0,webcam,0.0
81513,13843140,https://storage.googleapis.com/sunrisesunset-32a25.firebasestorage.app/snapshots/13843140/1773446606884.jpg,0,webcam,0.0
104866,2885722,https://storage.googleapis.com/sunrisesunset-32a25.firebasestorage.app/snapshots/2885722/1781471744030.jpg,0,webcam,0.0
82084,16162158,https://storage.googleapis.com/sunrisesunset-32a25.firebasestorage.app/snapshots/16162158/1773452782923.jpg,0,webcam,0.0
83314,160,https://storage.googleapis.com/sunrisesunset-32a25.firebasestorage.app/snapshots/160/1773468984647.jpg,0,webcam,0.45
96065,18422706,https://storage.googleapis.com/sunrisesunset-32a25.firebasestorage.app/snapshots/18422706/1775241212103.jpg,0,webcam,0.45
92492,17458813,https://storage.googleapis.com/sunrisesunset-32a25.firebasestorage.app/snapshots/17458813/1774520131919.jpg,0,webcam,0.0
113418,4571358,https://storage.googleapis.com/sunrisesunset-32a25.firebasestorage.app/snapshots/4571358/1783854062863.jpg,1,webcam,0.6
93369,160,https://storage.googleapis.com/sunrisesunset-32a25.firebasestorage.app/snapshots/160/1774683631944.jpg,0,webcam,0.45
82545,14919642,https://storage.googleapis.com/sunrisesunset-32a25.firebasestorage.app/snapshots/14919642/1773458066022.jpg,0,webcam,0.0
116797,6649548,https://storage.googleapis.com/sunrisesunset-32a25.firebasestorage.app/snapshots/6649548/1784773879817.jpg,0,webcam,0.0
107046,2885722,https://storage.googleapis.com/sunrisesunset-32a25.firebasestorage.app/snapshots/2885722/1782076560341.jpg,0,webcam,0.0
112754,25804658,https://storage.googleapis.com/sunrisesunset-32a25.firebasestorage.app/snapshots/25804658/1783669565068.jpg,0,webcam,0.2
80818,2988,https://storage.googleapis.com/sunrisesunset-32a25.firebasestorage.app/snapshots/2988/1773438926112.jpg,1,webcam,0.45
87884,15650962,https://storage.googleapis.com/sunrisesunset-32a25.firebasestorage.app/snapshots/15650962/1773533736788.jpg,0,webcam,0.0
119351,29162469,https://storage.googleapis.com/sunrisesunset-32a25.firebasestorage.app/snapshots/29162469/1785469570048.jpg,1,webcam,0.45
118064,29033009,https://storage.googleapis.com/sunrisesunset-32a25.firebasestorage.app/snapshots/29033009/1785125764720.jpg,0,webcam,0.3
80521,4301906,https://storage.googleapis.com/sunrisesunset-32a25.firebasestorage.app/snapshots/4301906/1773434424034.jpg,0,webcam,0.0
111245,14445531,https://storage.googleapis.com/sunrisesunset-32a25.firebasestorage.app/snapshots/14445531/1783242069504.jpg,1,webcam,0.35
83401,4881620,https://storage.googleapis.com/sunrisesunset-32a25.firebasestorage.app/snapshots/4881620/1773470603125.jpg,0,webcam,0.0
83537,4422,https://storage.googleapis.com/sunrisesunset-32a25.firebasestorage.app/snapshots/4422/1773474331237.jpg,0,webcam,0.0
112258,3827867,https://storage.googleapis.com/sunrisesunset-32a25.firebasestorage.app/snapshots/3827867/1783518360687.jpg,0,webcam,0.0
102516,28588659,https://storage.googleapis.com/sunrisesunset-32a25.firebasestorage.app/snapshots/28588659/1781310646304.jpg,0,webcam,0.3
73305,13471472,https://storage.googleapis.com/sunrisesunset-32a25.firebasestorage.app/snapshots/13471472/1771776889058.jpg,0,webcam,0.45
112624,28796403,https://storage.googleapis.com/sunrisesunset-32a25.firebasestorage.app/snapshots/28796403/1783630857466.jpg,1,webcam,0.35
104778,2885722,https://storage.googleapis.com/sunrisesunset-32a25.firebasestorage.app/snapshots/2885722/1781439321231.jpg,0,webcam,0.1
75728,548,https://storage.googleapis.com/sunrisesunset-32a25.firebasestorage.app/snapshots/548/1772366809981.jpg,0,webcam,0.0
91094,17458813,https://storage.googleapis.com/sunrisesunset-32a25.firebasestorage.app/snapshots/17458813/1774228412288.jpg,0,webcam,0.0
93177,17927756,https://storage.googleapis.com/sunrisesunset-32a25.firebasestorage.app/snapshots/17927756/1774643674646.jpg,1,webcam,0.45
106046,27474067,https://storage.googleapis.com/sunrisesunset-32a25.firebasestorage.app/snapshots/27474067/1781797560331.jpg,1,webcam,0.1
75402,160,https://storage.googleapis.com/sunrisesunset-32a25.firebasestorage.app/snapshots/160/1772290969784.jpg,0,webcam,0.0
70792,11742298,https://storage.googleapis.com/sunrisesunset-32a25.firebasestorage.app/snapshots/11742298/1771221649299.jpg,0,webcam,0.0
93068,2596631,https://storage.googleapis.com/sunrisesunset-32a25.firebasestorage.app/snapshots/2596631/1774630652309.jpg,0,webcam,0.55
86156,9761678,https://storage.googleapis.com/sunrisesunset-32a25.firebasestorage.app/snapshots/9761678/1773509852378.jpg,0,webcam,0.0
71696,1946,https://storage.googleapis.com/sunrisesunset-32a25.firebasestorage.app/snapshots/1946/1771405309184.jpg,0,webcam,0.0
108359,28789692,https://storage.googleapis.com/sunrisesunset-32a25.firebasestorage.app/snapshots/28789692/1782434762439.jpg,1,webcam,0.4
102803,28615436,https://storage.googleapis.com/sunrisesunset-32a25.firebasestorage.app/snapshots/28615436/1781387126494.jpg,0,webcam,0.0
87978,3313596,https://storage.googleapis.com/sunrisesunset-32a25.firebasestorage.app/snapshots/3313596/1773534812807.jpg,0,webcam,0.0
82859,15525840,https://storage.googleapis.com/sunrisesunset-32a25.firebasestorage.app/snapshots/15525840/1773462023698.jpg,0,webcam,0.0
115123,6073443,https://storage.googleapis.com/sunrisesunset-32a25.firebasestorage.app/snapshots/6073443/1784306767327.jpg,1,webcam,0.45
91040,3702,https://storage.googleapis.com/sunrisesunset-32a25.firebasestorage.app/snapshots/3702/1774217011924.jpg,0,webcam,0.0
67081,9705,https://storage.googleapis.com/sunrisesunset-32a25.firebasestorage.app/snapshots/9705/1770599293420.jpg,0,webcam,0.0
66486,3800231,https://storage.googleapis.com/sunrisesunset-32a25.firebasestorage.app/snapshots/3800231/1764618899169.jpg,0,webcam,0.45
79233,312,https://storage.googleapis.com/sunrisesunset-32a25.firebasestorage.app/snapshots/312/1773210029999.jpg,1,webcam,0.35
102167,27614088,https://storage.googleapis.com/sunrisesunset-32a25.firebasestorage.app/snapshots/27614088/1781210754321.jpg,1,webcam,0.35
117729,28776036,https://storage.googleapis.com/sunrisesunset-32a25.firebasestorage.app/snapshots/28776036/1785030367526.jpg,0,webcam,0.0
108025,28615436,https://storage.googleapis.com/sunrisesunset-32a25.firebasestorage.app/snapshots/28615436/1782340263516.jpg,0,webcam,0.0
85069,15560949,https://storage.googleapis.com/sunrisesunset-32a25.firebasestorage.app/snapshots/15560949/1773493296849.jpg,0,webcam,0.0
75336,11119844,https://storage.googleapis.com/sunrisesunset-32a25.firebasestorage.app/snapshots/11119844/1772271829772.jpg,0,webcam,0.0
106240,7648523,https://storage.googleapis.com/sunrisesunset-32a25.firebasestorage.app/snapshots/7648523/1781848855231.jpg,0,webcam,0.15
114977,29033009,https://storage.googleapis.com/sunrisesunset-32a25.firebasestorage.app/snapshots/29033009/1784263564127.jpg,0,webcam,0.2
75665,8695193,https://storage.googleapis.com/sunrisesunset-32a25.firebasestorage.app/snapshots/8695193/1772353188876.jpg,1,webcam,0.0
89607,6148965,https://storage.googleapis.com/sunrisesunset-32a25.firebasestorage.app/snapshots/6148965/1773899492008.jpg,0,webcam,0.0
84362,13009408,https://storage.googleapis.com/sunrisesunset-32a25.firebasestorage.app/snapshots/13009408/1773485672338.jpg,0,webcam,0.0
96754,17400009,https://storage.googleapis.com/sunrisesunset-32a25.firebasestorage.app/snapshots/17400009/1775400991733.jpg,1,webcam,0.45
73845,13476704,https://storage.googleapis.com/sunrisesunset-32a25.firebasestorage.app/snapshots/13476704/1771900909669.jpg,0,webcam,0.0
101832,28496139,https://storage.googleapis.com/sunrisesunset-32a25.firebasestorage.app/snapshots/28496139/1781111728948.jpg,0,webcam,0.0
110632,3147501,https://storage.googleapis.com/sunrisesunset-32a25.firebasestorage.app/snapshots/3147501/1783076463454.jpg,1,webcam,0.55
86299,4892309,https://storage.googleapis.com/sunrisesunset-32a25.firebasestorage.app/snapshots/4892309/1773512011619.jpg,0,webcam,0.0
86162,15916940,https://storage.googleapis.com/sunrisesunset-32a25.firebasestorage.app/snapshots/15916940/1773509913798.jpg,0,webcam,0.0
88010,3656741,https://storage.googleapis.com/sunrisesunset-32a25.firebasestorage.app/snapshots/3656741/1773535172357.jpg,0,webcam,0.0
75702,4301906,https://storage.googleapis.com/sunrisesunset-32a25.firebasestorage.app/snapshots/4301906/1772359969202.jpg,0,webcam,0.0
107124,14738771,https://storage.googleapis.com/sunrisesunset-32a25.firebasestorage.app/snapshots/14738771/1782091865415.jpg,1,webcam,0.3
107602,28817975,https://storage.googleapis.com/sunrisesunset-32a25.firebasestorage.app/snapshots/28817975/1782229561688.jpg,1,webcam,0.3
108686,28828287,https://storage.googleapis.com/sunrisesunset-32a25.firebasestorage.app/snapshots/28828287/1782531057981.jpg,1,webcam,0.45
87771,10509876,https://storage.googleapis.com/sunrisesunset-32a25.firebasestorage.app/snapshots/10509876/1773532480798.jpg,0,webcam,0.0
82605,5170920,https://storage.googleapis.com/sunrisesunset-32a25.firebasestorage.app/snapshots/5170920/1773458667914.jpg,0,webcam,0.0
87848,15557455,https://storage.googleapis.com/sunrisesunset-32a25.firebasestorage.app/snapshots/15557455/1773533372556.jpg,0,webcam,0.45
69726,160,https://storage.googleapis.com/sunrisesunset-32a25.firebasestorage.app/snapshots/160/1771007329647.jpg,1,webcam,0.35
81061,11608464,https://storage.googleapis.com/sunrisesunset-32a25.firebasestorage.app/snapshots/11608464/1773441814990.jpg,0,webcam,0.0
90426,160,https://storage.googleapis.com/sunrisesunset-32a25.firebasestorage.app/snapshots/160/1774088192405.jpg,0,webcam,0.0
83677,15535053,https://storage.googleapis.com/sunrisesunset-32a25.firebasestorage.app/snapshots/15535053/1773477094887.jpg,0,webcam,0.0
95130,4738,https://storage.googleapis.com/sunrisesunset-32a25.firebasestorage.app/snapshots/4738/1775034332388.jpg,0,webcam,0.0
90131,3336293,https://storage.googleapis.com/sunrisesunset-32a25.firebasestorage.app/snapshots/3336293/1774023452430.jpg,0,webcam,0.0
83121,16416202,https://storage.googleapis.com/sunrisesunset-32a25.firebasestorage.app/snapshots/16416202/1773465744911.jpg,0,webcam,0.0
95986,17885510,https://storage.googleapis.com/sunrisesunset-32a25.firebasestorage.app/snapshots/17885510/1775222551923.jpg,0,webcam,0.0
91524,312,https://storage.googleapis.com/sunrisesunset-32a25.firebasestorage.app/snapshots/312/1774326212752.jpg,1,webcam,0.45
91158,160,https://storage.googleapis.com/sunrisesunset-32a25.firebasestorage.app/snapshots/160/1774247913363.jpg,1,webcam,0.45
101711,11129,https://storage.googleapis.com/sunrisesunset-32a25.firebasestorage.app/snapshots/11129/1781068535770.jpg,1,webcam,0.4
93916,2950353,https://storage.googleapis.com/sunrisesunset-32a25.firebasestorage.app/snapshots/2950353/1774783233554.jpg,0,webcam,0.0
72129,4301906,https://storage.googleapis.com/sunrisesunset-32a25.firebasestorage.app/snapshots/4301906/1771495549002.jpg,0,webcam,0.0
66512,10472220,https://storage.googleapis.com/sunrisesunset-32a25.firebasestorage.app/snapshots/10472220/1770080282142.jpg,1,webcam,0.72
109104,312,https://storage.googleapis.com/sunrisesunset-32a25.firebasestorage.app/snapshots/312/1782649855375.jpg,0,webcam,0.4
75320,4738,https://storage.googleapis.com/sunrisesunset-32a25.firebasestorage.app/snapshots/4738/1772269249823.jpg,0,webcam,0.55
96382,3336293,https://storage.googleapis.com/sunrisesunset-32a25.firebasestorage.app/snapshots/3336293/1775318252939.jpg,0,webcam,0.0
102791,28782057,https://storage.googleapis.com/sunrisesunset-32a25.firebasestorage.app/snapshots/28782057/1781385329064.jpg,1,webcam,0.5
70337,6148965,https://storage.googleapis.com/sunrisesunset-32a25.firebasestorage.app/snapshots/6148965/1771132068948.jpg,0,webcam,0.0
86158,16417946,https://storage.googleapis.com/sunrisesunset-32a25.firebasestorage.app/snapshots/16417946/1773509853864.jpg,0,webcam,0.0
89779,15099522,https://storage.googleapis.com/sunrisesunset-32a25.firebasestorage.app/snapshots/15099522/1773938792099.jpg,0,webcam,0.0
71406,12621490,https://storage.googleapis.com/sunrisesunset-32a25.firebasestorage.app/snapshots/12621490/1771346514423.jpg,1,webcam,0.35
88933,2994347,https://storage.googleapis.com/sunrisesunset-32a25.firebasestorage.app/snapshots/2994347/1773739412003.jpg,0,webcam,0.35
67175,3066299,https://storage.googleapis.com/sunrisesunset-32a25.firebasestorage.app/snapshots/3066299/1770609941610.jpg,1,webcam,0.55
81376,3593624,https://storage.googleapis.com/sunrisesunset-32a25.firebasestorage.app/snapshots/3593624/1773445166134.jpg,1,webcam,0.35
69331,10300,https://storage.googleapis.com/sunrisesunset-32a25.firebasestorage.app/snapshots/10300/1770938084501.jpg,0,webcam,0.0
101481,6168685,https://storage.googleapis.com/sunrisesunset-32a25.firebasestorage.app/snapshots/6168685/1780997465609.jpg,0,webcam,0.05
68913,11459,https://storage.googleapis.com/sunrisesunset-32a25.firebasestorage.app/snapshots/11459/1770861685929.jpg,1,webcam,0.35
105939,38,https://storage.googleapis.com/sunrisesunset-32a25.firebasestorage.app/snapshots/38/1781770574717.jpg,1,webcam,0.4
81526,14108442,https://storage.googleapis.com/sunrisesunset-32a25.firebasestorage.app/snapshots/14108442/1773446727873.jpg,0,webcam,0.45
81638,10509876,https://storage.googleapis.com/sunrisesunset-32a25.firebasestorage.app/snapshots/10509876/1773447987094.jpg,0,webcam,0.0
66755,10625875,https://storage.googleapis.com/sunrisesunset-32a25.firebasestorage.app/snapshots/10625875/1770395674441.jpg,0,webcam,0.0
93986,7688307,https://storage.googleapis.com/sunrisesunset-32a25.firebasestorage.app/snapshots/7688307/1774801053649.jpg,1,webcam,0.55
110076,6156909,https://storage.googleapis.com/sunrisesunset-32a25.firebasestorage.app/snapshots/6156909/1782916262664.jpg,1,webcam,0.35
90008,160,https://storage.googleapis.com/sunrisesunset-32a25.firebasestorage.app/snapshots/160/1773992012300.jpg,1,webcam,0.45
78862,1946,https://storage.googleapis.com/sunrisesunset-32a25.firebasestorage.app/snapshots/1946/1773128283612.jpg,0,webcam,0.0
72333,5006,https://storage.googleapis.com/sunrisesunset-32a25.firebasestorage.app/snapshots/5006/1771540849789.jpg,1,webcam,0.25
77429,4328025,https://storage.googleapis.com/sunrisesunset-32a25.firebasestorage.app/snapshots/4328025/1772773460547.jpg,1,webcam,0.72
87715,10104,https://storage.googleapis.com/sunrisesunset-32a25.firebasestorage.app/snapshots/10104/1773531935262.jpg,1,webcam,0.45
73532,1946,https://storage.googleapis.com/sunrisesunset-32a25.firebasestorage.app/snapshots/1946/1771826389244.jpg,0,webcam,0.45
101404,28751492,https://storage.googleapis.com/sunrisesunset-32a25.firebasestorage.app/snapshots/28751492/1780974051346.jpg,1,webcam,0.55
83337,13959481,https://storage.googleapis.com/sunrisesunset-32a25.firebasestorage.app/snapshots/13959481/1773469344706.jpg,0,webcam,0.0
79299,4301906,https://storage.googleapis.com/sunrisesunset-32a25.firebasestorage.app/snapshots/4301906/1773222330069.jpg,0,webcam,0.0
101593,28469961,https://storage.googleapis.com/sunrisesunset-32a25.firebasestorage.app/snapshots/28469961/1781037974237.jpg,0,webcam,0.1
83341,16426450,https://storage.googleapis.com/sunrisesunset-32a25.firebasestorage.app/snapshots/16426450/1773469462913.jpg,0,webcam,0.35
111144,28961131,https://storage.googleapis.com/sunrisesunset-32a25.firebasestorage.app/snapshots/28961131/1783220459241.jpg,1,webcam,0.35
66434,3735929,https://storage.googleapis.com/sunrisesunset-32a25.firebasestorage.app/snapshots/3735929/1764613339256.jpg,0,webcam,0.0
77770,312,https://storage.googleapis.com/sunrisesunset-32a25.firebasestorage.app/snapshots/312/1772854622947.jpg,0,webcam,0.0
70244,9220,https://storage.googleapis.com/sunrisesunset-32a25.firebasestorage.app/snapshots/9220/1771111909464.jpg,0,webcam,0.0
83050,15525839,https://storage.googleapis.com/sunrisesunset-32a25.firebasestorage.app/snapshots/15525839/1773464724484.jpg,0,webcam,0.0
114010,29033009,https://storage.googleapis.com/sunrisesunset-32a25.firebasestorage.app/snapshots/29033009/1784005261425.jpg,0,webcam,0.15
78829,160,https://storage.googleapis.com/sunrisesunset-32a25.firebasestorage.app/snapshots/160/1773122703304.jpg,0,webcam,0.45
82875,620045,https://storage.googleapis.com/sunrisesunset-32a25.firebasestorage.app/snapshots/620045/1773462207557.jpg,0,webcam,0.0
116019,29080476,https://storage.googleapis.com/sunrisesunset-32a25.firebasestorage.app/snapshots/29080476/1784544365122.jpg,1,webcam,0.4
86841,2949724,https://storage.googleapis.com/sunrisesunset-32a25.firebasestorage.app/snapshots/2949724/1773521131271.jpg,0,webcam,0.0
113601,28615436,https://storage.googleapis.com/sunrisesunset-32a25.firebasestorage.app/snapshots/28615436/1783901759484.jpg,0,webcam,0.0
118058,29033009,https://storage.googleapis.com/sunrisesunset-32a25.firebasestorage.app/snapshots/29033009/1785123964204.jpg,0,webcam,0.2
92555,15099522,https://storage.googleapis.com/sunrisesunset-32a25.firebasestorage.app/snapshots/15099522/1774535971583.jpg,0,webcam,0.0
89855,1457,https://storage.googleapis.com/sunrisesunset-32a25.firebasestorage.app/snapshots/1457/1773950371967.jpg,0,webcam,0.0
84663,3594384,https://storage.googleapis.com/sunrisesunset-32a25.firebasestorage.app/snapshots/3594384/1773488794000.jpg,0,webcam,0.0
87378,13508298,https://storage.googleapis.com/sunrisesunset-32a25.firebasestorage.app/snapshots/13508298/1773528340699.jpg,0,webcam,0.0
116624,4204207,https://storage.googleapis.com/sunrisesunset-32a25.firebasestorage.app/snapshots/4204207/1784718067603.jpg,1,webcam,0.2
88679,15931067,https://storage.googleapis.com/sunrisesunset-32a25.firebasestorage.app/snapshots/15931067/1773681339617.jpg,1,webcam,0.0
83106,7014879,https://storage.googleapis.com/sunrisesunset-32a25.firebasestorage.app/snapshots/7014879/1773465565220.jpg,0,webcam,0.0
67314,10994860,https://storage.googleapis.com/sunrisesunset-32a25.firebasestorage.app/snapshots/10994860/1770680757167.jpg,0,webcam,0.0
81891,10134,https://storage.googleapis.com/sunrisesunset-32a25.firebasestorage.app/snapshots/10134/1773450745655.jpg,0,webcam,0.0
85666,3554225,https://storage.googleapis.com/sunrisesunset-32a25.firebasestorage.app/snapshots/3554225/1773502471261.jpg,0,webcam,0.45
109967,26018001,https://storage.googleapis.com/sunrisesunset-32a25.firebasestorage.app/snapshots/26018001/1782882967971.jpg,1,webcam,0.2
81868,3088970,https://storage.googleapis.com/sunrisesunset-32a25.firebasestorage.app/snapshots/3088970/1773450385029.jpg,0,webcam,0.0
86025,14623548,https://storage.googleapis.com/sunrisesunset-32a25.firebasestorage.app/snapshots/14623548/1773507876854.jpg,0,webcam,0.45
89942,312,https://storage.googleapis.com/sunrisesunset-32a25.firebasestorage.app/snapshots/312/1773978094074.jpg,1,webcam,0.45
87025,2886674,https://storage.googleapis.com/sunrisesunset-32a25.firebasestorage.app/snapshots/2886674/1773524073224.jpg,0,webcam,0.0
85967,16415016,https://storage.googleapis.com/sunrisesunset-32a25.firebasestorage.app/snapshots/16415016/1773507033444.jpg,1,webcam,0.45
88830,10300,https://storage.googleapis.com/sunrisesunset-32a25.firebasestorage.app/snapshots/10300/1773716972212.jpg,0,webcam,0.0
74819,160,https://storage.googleapis.com/sunrisesunset-32a25.firebasestorage.app/snapshots/160/1772148709614.jpg,0,webcam,0.45
87217,16616989,https://storage.googleapis.com/sunrisesunset-32a25.firebasestorage.app/snapshots/16616989/1773526591618.jpg,0,webcam,0.0
85541,3656741,https://storage.googleapis.com/sunrisesunset-32a25.firebasestorage.app/snapshots/3656741/1773500551812.jpg,0,webcam,0.0
114442,28757841,https://storage.googleapis.com/sunrisesunset-32a25.firebasestorage.app/snapshots/28757841/1784130366602.jpg,0,webcam,0.3
87467,15629308,https://storage.googleapis.com/sunrisesunset-32a25.firebasestorage.app/snapshots/15629308/1773529413355.jpg,0,webcam,0.0
86765,15541204,https://storage.googleapis.com/sunrisesunset-32a25.firebasestorage.app/snapshots/15541204/1773519750991.jpg,0,webcam,0.65
82107,13523606,https://storage.googleapis.com/sunrisesunset-32a25.firebasestorage.app/snapshots/13523606/1773453026780.jpg,0,webcam,0.0
94114,17927756,https://storage.googleapis.com/sunrisesunset-32a25.firebasestorage.app/snapshots/17927756/1774818332513.jpg,0,webcam,0.0
71053,10300,https://storage.googleapis.com/sunrisesunset-32a25.firebasestorage.app/snapshots/10300/1771273248935.jpg,0,webcam,0.0
95513,312,https://storage.googleapis.com/sunrisesunset-32a25.firebasestorage.app/snapshots/312/1775114791739.jpg,0,webcam,0.35
92363,10300,https://storage.googleapis.com/sunrisesunset-32a25.firebasestorage.app/snapshots/10300/1774497032140.jpg,0,webcam,0.0
87876,7569541,https://storage.googleapis.com/sunrisesunset-32a25.firebasestorage.app/snapshots/7569541/1773533672926.jpg,0,webcam,0.0
79976,160,https://storage.googleapis.com/sunrisesunset-32a25.firebasestorage.app/snapshots/160/1773386130087.jpg,0,webcam,0.45
96583,15293,https://storage.googleapis.com/sunrisesunset-32a25.firebasestorage.app/snapshots/15293/1775358572610.jpg,1,webcam,0.45
88096,312,https://storage.googleapis.com/sunrisesunset-32a25.firebasestorage.app/snapshots/312/1773547120996.jpg,1,webcam,0.65
111964,27474067,https://storage.googleapis.com/sunrisesunset-32a25.firebasestorage.app/snapshots/27474067/1783439164162.jpg,1,webcam,0.35
117117,28969474,https://storage.googleapis.com/sunrisesunset-32a25.firebasestorage.app/snapshots/28969474/1784856660519.jpg,0,webcam,0.2
114965,29055043,https://storage.googleapis.com/sunrisesunset-32a25.firebasestorage.app/snapshots/29055043/1784260914632.jpg,0,webcam,0.2
84280,7437829,https://storage.googleapis.com/sunrisesunset-32a25.firebasestorage.app/snapshots/7437829/1773484833272.jpg,0,webcam,0.0
116582,28886026,https://storage.googleapis.com/sunrisesunset-32a25.firebasestorage.app/snapshots/28886026/1784709968003.jpg,1,webcam,0.4
95390,6792,https://storage.googleapis.com/sunrisesunset-32a25.firebasestorage.app/snapshots/6792/1775085632100.jpg,0,webcam,0.35
113382,28853651,https://storage.googleapis.com/sunrisesunset-32a25.firebasestorage.app/snapshots/28853651/1783844172220.jpg,1,webcam,0.4
75388,11181337,https://storage.googleapis.com/sunrisesunset-32a25.firebasestorage.app/snapshots/11181337/1772287609543.jpg,0,webcam,0.0
76394,2610,https://storage.googleapis.com/sunrisesunset-32a25.firebasestorage.app/snapshots/2610/1772531149302.jpg,0,webcam,0.0
69557,3631982,https://storage.googleapis.com/sunrisesunset-32a25.firebasestorage.app/snapshots/3631982/1770975649202.jpg,0,webcam,0.0
88279,548,https://storage.googleapis.com/sunrisesunset-32a25.firebasestorage.app/snapshots/548/1773589892396.jpg,0,webcam,0.55
105154,27722515,https://storage.googleapis.com/sunrisesunset-32a25.firebasestorage.app/snapshots/27722515/1781556366952.jpg,0,webcam,0.0
85258,15579363,https://storage.googleapis.com/sunrisesunset-32a25.firebasestorage.app/snapshots/15579363/1773496052305.jpg,1,webcam,0.35
96301,4738,https://storage.googleapis.com/sunrisesunset-32a25.firebasestorage.app/snapshots/4738/1775297253202.jpg,1,webcam,0.45
86031,16417946,https://storage.googleapis.com/sunrisesunset-32a25.firebasestorage.app/snapshots/16417946/1773507992716.jpg,0,webcam,0.45
85789,3656741,https://storage.googleapis.com/sunrisesunset-32a25.firebasestorage.app/snapshots/3656741/1773504212358.jpg,0,webcam,0.0
74691,160,https://storage.googleapis.com/sunrisesunset-32a25.firebasestorage.app/snapshots/160/1772117029306.jpg,0,webcam,0.0
89282,4301906,https://storage.googleapis.com/sunrisesunset-32a25.firebasestorage.app/snapshots/4301906/1773823652075.jpg,0,webcam,0.0
77178,548,https://storage.googleapis.com/sunrisesunset-32a25.firebasestorage.app/snapshots/548/1772712949204.jpg,0,webcam,0.0
93785,312,https://storage.googleapis.com/sunrisesunset-32a25.firebasestorage.app/snapshots/312/1774760672691.jpg,1,webcam,0.72
76158,160,https://storage.googleapis.com/sunrisesunset-32a25.firebasestorage.app/snapshots/160/1772476908959.jpg,0,webcam,0.45
66614,10523495,https://storage.googleapis.com/sunrisesunset-32a25.firebasestorage.app/snapshots/10523495/1770187170014.jpg,0,webcam,0.0
112526,3396272,https://storage.googleapis.com/sunrisesunset-32a25.firebasestorage.app/snapshots/3396272/1783593971013.jpg,0,webcam,0.25
74439,15293,https://storage.googleapis.com/sunrisesunset-32a25.firebasestorage.app/snapshots/15293/1772052468651.jpg,1,webcam,0.35
72736,160,https://storage.googleapis.com/sunrisesunset-32a25.firebasestorage.app/snapshots/160/1771636789516.jpg,0,webcam,0.45
71095,15293,https://storage.googleapis.com/sunrisesunset-32a25.firebasestorage.app/snapshots/15293/1771282670566.jpg,1,webcam,0.45
73664,548,https://storage.googleapis.com/sunrisesunset-32a25.firebasestorage.app/snapshots/548/1771858789666.jpg,0,webcam,0.0
82235,12669,https://storage.googleapis.com/sunrisesunset-32a25.firebasestorage.app/snapshots/12669/1773454469115.jpg,0,webcam,0.0
81791,2966334,https://storage.googleapis.com/sunrisesunset-32a25.firebasestorage.app/snapshots/2966334/1773449728650.jpg,0,webcam,0.0
76043,4738,https://storage.googleapis.com/sunrisesunset-32a25.firebasestorage.app/snapshots/4738/1772443909728.jpg,1,webcam,0.45
112018,28796403,https://storage.googleapis.com/sunrisesunset-32a25.firebasestorage.app/snapshots/28796403/1783457155577.jpg,1,webcam,0.4
81439,9319148,https://storage.googleapis.com/sunrisesunset-32a25.firebasestorage.app/snapshots/9319148/1773445777989.jpg,0,webcam,0.0
85481,4821296,https://storage.googleapis.com/sunrisesunset-32a25.firebasestorage.app/snapshots/4821296/1773499713571.jpg,0,webcam,0.0
83875,8199529,https://storage.googleapis.com/sunrisesunset-32a25.firebasestorage.app/snapshots/8199529/1773479972780.jpg,0,webcam,0.0
95940,17458813,https://storage.googleapis.com/sunrisesunset-32a25.firebasestorage.app/snapshots/17458813/1775212712409.jpg,0,webcam,0.0
74376,13471472,https://storage.googleapis.com/sunrisesunset-32a25.firebasestorage.app/snapshots/13471472/1772038189148.jpg,1,webcam,0.25
83204,16425281,https://storage.googleapis.com/sunrisesunset-32a25.firebasestorage.app/snapshots/16425281/1773466945796.jpg,0,webcam,0.35
73789,7661213,https://storage.googleapis.com/sunrisesunset-32a25.firebasestorage.app/snapshots/7661213/1771887829735.jpg,0,webcam,0.0
71669,6148965,https://storage.googleapis.com/sunrisesunset-32a25.firebasestorage.app/snapshots/6148965/1771399968813.jpg,0,webcam,0.0
90837,2942367,https://storage.googleapis.com/sunrisesunset-32a25.firebasestorage.app/snapshots/2942367/1774176333252.jpg,0,webcam,0.0
70206,15293,https://storage.googleapis.com/sunrisesunset-32a25.firebasestorage.app/snapshots/15293/1771103209716.jpg,1,webcam,0.45
94734,160,https://storage.googleapis.com/sunrisesunset-32a25.firebasestorage.app/snapshots/160/1774946912636.jpg,0,webcam,0.45
116618,3396272,https://storage.googleapis.com/sunrisesunset-32a25.firebasestorage.app/snapshots/3396272/1784717174784.jpg,1,webcam,0.45
85982,160,https://storage.googleapis.com/sunrisesunset-32a25.firebasestorage.app/snapshots/160/1773507271065.jpg,0,webcam,0.45
73703,13471472,https://storage.googleapis.com/sunrisesunset-32a25.firebasestorage.app/snapshots/13471472/1771867429172.jpg,0,webcam,0.0
71241,6148965,https://storage.googleapis.com/sunrisesunset-32a25.firebasestorage.app/snapshots/6148965/1771313748972.jpg,0,webcam,0.0
113755,28926469,https://storage.googleapis.com/sunrisesunset-32a25.firebasestorage.app/snapshots/28926469/1783935969479.jpg,0,webcam,0.0
75433,160,https://storage.googleapis.com/sunrisesunset-32a25.firebasestorage.app/snapshots/160/1772300809601.jpg,0,webcam,0.45
83892,2953158,https://storage.googleapis.com/sunrisesunset-32a25.firebasestorage.app/snapshots/2953158/1773480211353.jpg,0,webcam,0.0
114188,28615436,https://storage.googleapis.com/sunrisesunset-32a25.firebasestorage.app/snapshots/28615436/1784061075972.jpg,0,webcam,0.0
82099,14591082,https://storage.googleapis.com/sunrisesunset-32a25.firebasestorage.app/snapshots/14591082/1773452907587.jpg,1,webcam,0.45
66427,4380968,https://storage.googleapis.com/sunrisesunset-32a25.firebasestorage.app/snapshots/4380968/1764613316532.jpg,0,webcam,0.0
95309,2596631,https://storage.googleapis.com/sunrisesunset-32a25.firebasestorage.app/snapshots/2596631/1775069372808.jpg,0,webcam,0.0
82047,7007937,https://storage.googleapis.com/sunrisesunset-32a25.firebasestorage.app/snapshots/7007937/1773452363242.jpg,0,webcam,0.0
114737,28791507,https://storage.googleapis.com/sunrisesunset-32a25.firebasestorage.app/snapshots/28791507/1784195166608.jpg,0,webcam,0.0
116778,20451619,https://storage.googleapis.com/sunrisesunset-32a25.firebasestorage.app/snapshots/20451619/1784767575778.jpg,0,webcam,0.0
76594,7661213,https://storage.googleapis.com/sunrisesunset-32a25.firebasestorage.app/snapshots/7661213/1772580530094.jpg,0,webcam,0.35
69486,1946,https://storage.googleapis.com/sunrisesunset-32a25.firebasestorage.app/snapshots/1946/1770962527959.jpg,0,webcam,0.0
95605,160,https://storage.googleapis.com/sunrisesunset-32a25.firebasestorage.app/snapshots/160/1775135971621.jpg,0,webcam,0.0
89820,16430846,https://storage.googleapis.com/sunrisesunset-32a25.firebasestorage.app/snapshots/16430846/1773944492647.jpg,1,webcam,0.35
77465,160,https://storage.googleapis.com/sunrisesunset-32a25.firebasestorage.app/snapshots/160/1772779983938.jpg,0,webcam,0.0
108909,26646371,https://storage.googleapis.com/sunrisesunset-32a25.firebasestorage.app/snapshots/26646371/1782599476148.jpg,1,webcam,0.15
109934,26716219,https://storage.googleapis.com/sunrisesunset-32a25.firebasestorage.app/snapshots/26716219/1782873970218.jpg,1,webcam,0.55
105166,28615436,https://storage.googleapis.com/sunrisesunset-32a25.firebasestorage.app/snapshots/28615436/1781559047680.jpg,0,webcam,0.0
83952,8204930,https://storage.googleapis.com/sunrisesunset-32a25.firebasestorage.app/snapshots/8204930/1773481119353.jpg,0,webcam,0.0
109312,28794813,https://storage.googleapis.com/sunrisesunset-32a25.firebasestorage.app/snapshots/28794813/1782706572335.jpg,0,webcam,0.2
95223,17400009,https://storage.googleapis.com/sunrisesunset-32a25.firebasestorage.app/snapshots/17400009/1775055634943.jpg,0,webcam,0.0
119133,2921342,https://storage.googleapis.com/sunrisesunset-32a25.firebasestorage.app/snapshots/2921342/1785422756122.jpg,1,webcam,0.35
84806,9705,https://storage.googleapis.com/sunrisesunset-32a25.firebasestorage.app/snapshots/9705/1773490309074.jpg,0,webcam,0.0
70198,10300,https://storage.googleapis.com/sunrisesunset-32a25.firebasestorage.app/snapshots/10300/1771102008594.jpg,0,webcam,0.0
81607,9319148,https://storage.googleapis.com/sunrisesunset-32a25.firebasestorage.app/snapshots/9319148/1773447627710.jpg,0,webcam,0.0
114489,28976962,https://storage.googleapis.com/sunrisesunset-32a25.firebasestorage.app/snapshots/28976962/1784148379456.jpg,1,webcam,0.4
92406,160,https://storage.googleapis.com/sunrisesunset-32a25.firebasestorage.app/snapshots/160/1774505672375.jpg,1,webcam,0.45
94629,6148965,https://storage.googleapis.com/sunrisesunset-32a25.firebasestorage.app/snapshots/6148965/1774924895162.jpg,0,webcam,0.0
92754,17458813,https://storage.googleapis.com/sunrisesunset-32a25.firebasestorage.app/snapshots/17458813/1774568493159.jpg,0,webcam,0.0
69420,15293,https://storage.googleapis.com/sunrisesunset-32a25.firebasestorage.app/snapshots/15293/1770951848487.jpg,0,webcam,0.0
87983,15643710,https://storage.googleapis.com/sunrisesunset-32a25.firebasestorage.app/snapshots/15643710/1773534816798.jpg,0,webcam,0.0
113548,10119902,https://storage.googleapis.com/sunrisesunset-32a25.firebasestorage.app/snapshots/10119902/1783891887875.jpg,1,webcam,0.55
109705,14445531,https://storage.googleapis.com/sunrisesunset-32a25.firebasestorage.app/snapshots/14445531/1782810081029.jpg,1,webcam,0.4
86830,3601639,https://storage.googleapis.com/sunrisesunset-32a25.firebasestorage.app/snapshots/3601639/1773520893104.jpg,0,webcam,0.65
70675,5006,https://storage.googleapis.com/sunrisesunset-32a25.firebasestorage.app/snapshots/5006/1771198009729.jpg,0,webcam,0.0
77585,15099522,https://storage.googleapis.com/sunrisesunset-32a25.firebasestorage.app/snapshots/15099522/1772812323172.jpg,0,webcam,0.0
88923,2994347,https://storage.googleapis.com/sunrisesunset-32a25.firebasestorage.app/snapshots/2994347/1773737552093.jpg,1,webcam,0.45
96429,16102828,https://storage.googleapis.com/sunrisesunset-32a25.firebasestorage.app/snapshots/16102828/1775327011989.jpg,0,webcam,0.45
79819,15931067,https://storage.googleapis.com/sunrisesunset-32a25.firebasestorage.app/snapshots/15931067/1773344730269.jpg,0,webcam,0.45
70822,11742298,https://storage.googleapis.com/sunrisesunset-32a25.firebasestorage.app/snapshots/11742298/1771230109114.jpg,1,webcam,0.65
107316,28282755,https://storage.googleapis.com/sunrisesunset-32a25.firebasestorage.app/snapshots/28282755/1782152163362.jpg,1,webcam,0.4
85519,2926219,https://storage.googleapis.com/sunrisesunset-32a25.firebasestorage.app/snapshots/2926219/1773500252689.jpg,0,webcam,0.0
84079,16375877,https://storage.googleapis.com/sunrisesunset-32a25.firebasestorage.app/snapshots/16375877/1773482614202.jpg,0,webcam,0.0
110892,28853651,https://storage.googleapis.com/sunrisesunset-32a25.firebasestorage.app/snapshots/28853651/1783152968774.jpg,0,webcam,0.05
118235,29052327,https://storage.googleapis.com/sunrisesunset-32a25.firebasestorage.app/snapshots/29052327/1785181579623.jpg,1,webcam,0.45
96880,3702,https://storage.googleapis.com/sunrisesunset-32a25.firebasestorage.app/snapshots/3702/1775427334177.jpg,0,webcam,0.0
77202,2596631,https://storage.googleapis.com/sunrisesunset-32a25.firebasestorage.app/snapshots/2596631/1772722609372.jpg,0,webcam,0.65
71790,4831942,https://storage.googleapis.com/sunrisesunset-32a25.firebasestorage.app/snapshots/4831942/1771424389545.jpg,0,webcam,0.35
109595,28871581,https://storage.googleapis.com/sunrisesunset-32a25.firebasestorage.app/snapshots/28871581/1782784915051.jpg,1,webcam,0.55
94495,17927756,https://storage.googleapis.com/sunrisesunset-32a25.firebasestorage.app/snapshots/17927756/1774897414238.jpg,1,webcam,0.45
72690,5006,https://storage.googleapis.com/sunrisesunset-32a25.firebasestorage.app/snapshots/5006/1771627129822.jpg,1,webcam,0.0
86796,8712447,https://storage.googleapis.com/sunrisesunset-32a25.firebasestorage.app/snapshots/8712447/1773520294857.jpg,0,webcam,0.0
79890,5006,https://storage.googleapis.com/sunrisesunset-32a25.firebasestorage.app/snapshots/5006/1773363990326.jpg,0,webcam,0.0
112868,3508582,https://storage.googleapis.com/sunrisesunset-32a25.firebasestorage.app/snapshots/3508582/1783709166819.jpg,1,webcam,0.2
115213,28615436,https://storage.googleapis.com/sunrisesunset-32a25.firebasestorage.app/snapshots/28615436/1784329262624.jpg,0,webcam,0.0
90798,4738,https://storage.googleapis.com/sunrisesunset-32a25.firebasestorage.app/snapshots/4738/1774170212591.jpg,0,webcam,0.35
115491,29022867,https://storage.googleapis.com/sunrisesunset-32a25.firebasestorage.app/snapshots/29022867/1784409376737.jpg,0,webcam,0.05
85948,15505278,https://storage.googleapis.com/sunrisesunset-32a25.firebasestorage.app/snapshots/15505278/1773506792711.jpg,0,webcam,0.0
69494,6148965,https://storage.googleapis.com/sunrisesunset-32a25.firebasestorage.app/snapshots/6148965/1770964988225.jpg,1,webcam,0.35
94519,1457,https://storage.googleapis.com/sunrisesunset-32a25.firebasestorage.app/snapshots/1457/1774900835853.jpg,0,webcam,0.0
91513,10300,https://storage.googleapis.com/sunrisesunset-32a25.firebasestorage.app/snapshots/10300/1774322072363.jpg,0,webcam,0.0
81678,4307047,https://storage.googleapis.com/sunrisesunset-32a25.firebasestorage.app/snapshots/4307047/1773448293013.jpg,1,webcam,0.55
92525,17458813,https://storage.googleapis.com/sunrisesunset-32a25.firebasestorage.app/snapshots/17458813/1774527512101.jpg,0,webcam,0.0
92407,312,https://storage.googleapis.com/sunrisesunset-32a25.firebasestorage.app/snapshots/312/1774505672979.jpg,1,webcam,0.35
91125,6148965,https://storage.googleapis.com/sunrisesunset-32a25.firebasestorage.app/snapshots/6148965/1774240292017.jpg,0,webcam,0.25
79795,16102828,https://storage.googleapis.com/sunrisesunset-32a25.firebasestorage.app/snapshots/16102828/1773340891663.jpg,1,webcam,0.35
86998,4589070,https://storage.googleapis.com/sunrisesunset-32a25.firebasestorage.app/snapshots/4589070/1773523652453.jpg,0,webcam,0.45
101239,28379579,https://storage.googleapis.com/sunrisesunset-32a25.firebasestorage.app/snapshots/28379579/1780920928311.jpg,0,webcam,0.2
83117,16411160,https://storage.googleapis.com/sunrisesunset-32a25.firebasestorage.app/snapshots/16411160/1773465627364.jpg,0,webcam,0.0
72929,548,https://storage.googleapis.com/sunrisesunset-32a25.firebasestorage.app/snapshots/548/1771685629607.jpg,0,webcam,0.35
66984,8351922,https://storage.googleapis.com/sunrisesunset-32a25.firebasestorage.app/snapshots/8351922/1770427547263.jpg,0,webcam,0.0
80651,2610,https://storage.googleapis.com/sunrisesunset-32a25.firebasestorage.app/snapshots/2610/1773436593193.jpg,0,webcam,0.0
66806,5179908,https://storage.googleapis.com/sunrisesunset-32a25.firebasestorage.app/snapshots/5179908/1770400066695.jpg,1,webcam,0.72
109234,28615436,https://storage.googleapis.com/sunrisesunset-32a25.firebasestorage.app/snapshots/28615436/1782687716558.jpg,0,webcam,0.0
82136,8093560,https://storage.googleapis.com/sunrisesunset-32a25.firebasestorage.app/snapshots/8093560/1773453444122.jpg,0,webcam,0.0
108728,28898028,https://storage.googleapis.com/sunrisesunset-32a25.firebasestorage.app/snapshots/28898028/1782545468886.jpg,1,webcam,0.65
108929,23786030,https://storage.googleapis.com/sunrisesunset-32a25.firebasestorage.app/snapshots/23786030/1782604871962.jpg,0,webcam,0.0
75191,15293,https://storage.googleapis.com/sunrisesunset-32a25.firebasestorage.app/snapshots/15293/1772238709677.jpg,0,webcam,0.0
74664,11459,https://storage.googleapis.com/sunrisesunset-32a25.firebasestorage.app/snapshots/11459/1772107250415.jpg,0,webcam,0.35
111794,28926539,https://storage.googleapis.com/sunrisesunset-32a25.firebasestorage.app/snapshots/28926539/1783392370983.jpg,1,webcam,0.35
96341,160,https://storage.googleapis.com/sunrisesunset-32a25.firebasestorage.app/snapshots/160/1775306613528.jpg,0,webcam,0.0
108024,28379579,https://storage.googleapis.com/sunrisesunset-32a25.firebasestorage.app/snapshots/28379579/1782340259337.jpg,0,webcam,0.25
96767,18422706,https://storage.googleapis.com/sunrisesunset-32a25.firebasestorage.app/snapshots/18422706/1775404772081.jpg,0,webcam,0.0
87748,11627,https://storage.googleapis.com/sunrisesunset-32a25.firebasestorage.app/snapshots/11627/1773532294176.jpg,0,webcam,0.0
78266,15587874,https://storage.googleapis.com/sunrisesunset-32a25.firebasestorage.app/snapshots/15587874/1772982603717.jpg,0,webcam,0.0
84642,10642246,https://storage.googleapis.com/sunrisesunset-32a25.firebasestorage.app/snapshots/10642246/1773488612278.jpg,0,webcam,0.0
90475,17400009,https://storage.googleapis.com/sunrisesunset-32a25.firebasestorage.app/snapshots/17400009/1774100252447.jpg,0,webcam,0.65
83521,5006,https://storage.googleapis.com/sunrisesunset-32a25.firebasestorage.app/snapshots/5006/1773474090702.jpg,0,webcam,0.0
80428,10163488,https://storage.googleapis.com/sunrisesunset-32a25.firebasestorage.app/snapshots/10163488/1773432874020.jpg,0,webcam,0.0
83039,5425336,https://storage.googleapis.com/sunrisesunset-32a25.firebasestorage.app/snapshots/5425336/1773464545541.jpg,1,webcam,0.45
97319,15293,https://storage.googleapis.com/sunrisesunset-32a25.firebasestorage.app/snapshots/15293/1775531672450.jpg,1,webcam,0.45
106499,26833222,https://storage.googleapis.com/sunrisesunset-32a25.firebasestorage.app/snapshots/26833222/1781923568053.jpg,0,webcam,0.2
93983,18420477,https://storage.googleapis.com/sunrisesunset-32a25.firebasestorage.app/snapshots/18420477/1774800751991.jpg,0,webcam,0.65
85211,7439776,https://storage.googleapis.com/sunrisesunset-32a25.firebasestorage.app/snapshots/7439776/1773495333618.jpg,1,webcam,0.65
86516,16440789,https://storage.googleapis.com/sunrisesunset-32a25.firebasestorage.app/snapshots/16440789/1773515314187.jpg,0,webcam,0.0
81443,14108445,https://storage.googleapis.com/sunrisesunset-32a25.firebasestorage.app/snapshots/14108445/1773445782132.jpg,0,webcam,0.25
118731,312,https://storage.googleapis.com/sunrisesunset-32a25.firebasestorage.app/snapshots/312/1785312124949.jpg,1,webcam,0.6
114867,29007371,https://storage.googleapis.com/sunrisesunset-32a25.firebasestorage.app/snapshots/29007371/1784236585397.jpg,1,webcam,0.65
91375,16430846,https://storage.googleapis.com/sunrisesunset-32a25.firebasestorage.app/snapshots/16430846/1774290452654.jpg,0,webcam,0.0
83614,12840548,https://storage.googleapis.com/sunrisesunset-32a25.firebasestorage.app/snapshots/12840548/1773475952850.jpg,0,webcam,0.0
84483,10134,https://storage.googleapis.com/sunrisesunset-32a25.firebasestorage.app/snapshots/10134/1773486882669.jpg,0,webcam,0.0
94510,18420477,https://storage.googleapis.com/sunrisesunset-32a25.firebasestorage.app/snapshots/18420477/1774899513075.jpg,0,webcam,0.0
87111,2988,https://storage.googleapis.com/sunrisesunset-32a25.firebasestorage.app/snapshots/2988/1773525213348.jpg,0,webcam,0.25
84430,10131031,https://storage.googleapis.com/sunrisesunset-32a25.firebasestorage.app/snapshots/10131031/1773486456941.jpg,0,webcam,0.0
73528,13476704,https://storage.googleapis.com/sunrisesunset-32a25.firebasestorage.app/snapshots/13476704/1771825608953.jpg,0,webcam,0.45
86774,12835195,https://storage.googleapis.com/sunrisesunset-32a25.firebasestorage.app/snapshots/12835195/1773519930823.jpg,0,webcam,0.45
94833,17400009,https://storage.googleapis.com/sunrisesunset-32a25.firebasestorage.app/snapshots/17400009/1774971153019.jpg,0,webcam,0.0
76211,7661213,https://storage.googleapis.com/sunrisesunset-32a25.firebasestorage.app/snapshots/7661213/1772488609195.jpg,1,webcam,0.45
107445,3780791,https://storage.googleapis.com/sunrisesunset-32a25.firebasestorage.app/snapshots/3780791/1782180964341.jpg,0,webcam,0.3
81961,15912085,https://storage.googleapis.com/sunrisesunset-32a25.firebasestorage.app/snapshots/15912085/1773451583119.jpg,0,webcam,0.0
107752,28776036,https://storage.googleapis.com/sunrisesunset-32a25.firebasestorage.app/snapshots/28776036/1782266474524.jpg,0,webcam,0.2
70804,9540652,https://storage.googleapis.com/sunrisesunset-32a25.firebasestorage.app/snapshots/9540652/1771225249256.jpg,0,webcam,0.0
74521,13476704,https://storage.googleapis.com/sunrisesunset-32a25.firebasestorage.app/snapshots/13476704/1772072989125.jpg,0,webcam,0.0
95304,17927756,https://storage.googleapis.com/sunrisesunset-32a25.firebasestorage.app/snapshots/17927756/1775068412360.jpg,1,webcam,0.45
101294,3566147,https://storage.googleapis.com/sunrisesunset-32a25.firebasestorage.app/snapshots/3566147/1780947038623.jpg,1,webcam,0.5
107886,28799369,https://storage.googleapis.com/sunrisesunset-32a25.firebasestorage.app/snapshots/28799369/1782301559116.jpg,0,webcam,0.25
114371,38,https://storage.googleapis.com/sunrisesunset-32a25.firebasestorage.app/snapshots/38/1784106973424.jpg,1,webcam,0.35
119329,1732,https://storage.googleapis.com/sunrisesunset-32a25.firebasestorage.app/snapshots/1732/1785465112619.jpg,0,webcam,0.15
71861,11742298,https://storage.googleapis.com/sunrisesunset-32a25.firebasestorage.app/snapshots/11742298/1771438555774.jpg,0,webcam,0.0
91013,16102828,https://storage.googleapis.com/sunrisesunset-32a25.firebasestorage.app/snapshots/16102828/1774210772700.jpg,0,webcam,0.0
106918,8234400,https://storage.googleapis.com/sunrisesunset-32a25.firebasestorage.app/snapshots/8234400/1782035170254.jpg,1,webcam,0.4
72455,8695193,https://storage.googleapis.com/sunrisesunset-32a25.firebasestorage.app/snapshots/8695193/1771571868969.jpg,0,webcam,0.55
94666,6148965,https://storage.googleapis.com/sunrisesunset-32a25.firebasestorage.app/snapshots/6148965/1774933172201.jpg,0,webcam,0.0
93982,15099522,https://storage.googleapis.com/sunrisesunset-32a25.firebasestorage.app/snapshots/15099522/1774800692240.jpg,0,webcam,0.0
88270,548,https://storage.googleapis.com/sunrisesunset-32a25.firebasestorage.app/snapshots/548/1773588032737.jpg,0,webcam,0.45
97089,160,https://storage.googleapis.com/sunrisesunset-32a25.firebasestorage.app/snapshots/160/1775479172561.jpg,0,webcam,0.0
73489,15293,https://storage.googleapis.com/sunrisesunset-32a25.firebasestorage.app/snapshots/15293/1771815949670.jpg,0,webcam,0.0
94480,1457,https://storage.googleapis.com/sunrisesunset-32a25.firebasestorage.app/snapshots/1457/1774895312262.jpg,0,webcam,0.0
106050,27474067,https://storage.googleapis.com/sunrisesunset-32a25.firebasestorage.app/snapshots/27474067/1781799358850.jpg,1,webcam,0.45
90599,16102828,https://storage.googleapis.com/sunrisesunset-32a25.firebasestorage.app/snapshots/16102828/1774122512469.jpg,0,webcam,0.0
86855,16427488,https://storage.googleapis.com/sunrisesunset-32a25.firebasestorage.app/snapshots/16427488/1773521313496.jpg,0,webcam,0.0
86008,11729939,https://storage.googleapis.com/sunrisesunset-32a25.firebasestorage.app/snapshots/11729939/1773507699386.jpg,0,webcam,0.65
91148,312,https://storage.googleapis.com/sunrisesunset-32a25.firebasestorage.app/snapshots/312/1774246171975.jpg,1,webcam,0.35
92979,3631982,https://storage.googleapis.com/sunrisesunset-32a25.firebasestorage.app/snapshots/3631982/1774610493068.jpg,0,webcam,0.0
109372,3309592,https://storage.googleapis.com/sunrisesunset-32a25.firebasestorage.app/snapshots/3309592/1782726372978.jpg,0,webcam,0.2
77059,312,https://storage.googleapis.com/sunrisesunset-32a25.firebasestorage.app/snapshots/312/1772687209101.jpg,1,webcam,0.35
66713,4872732,https://storage.googleapis.com/sunrisesunset-32a25.firebasestorage.app/snapshots/4872732/1770395389664.jpg,0,webcam,0.35
72772,312,https://storage.googleapis.com/sunrisesunset-32a25.firebasestorage.app/snapshots/312/1771644889257.jpg,1,webcam,0.55
105108,351,https://storage.googleapis.com/sunrisesunset-32a25.firebasestorage.app/snapshots/351/1781530238973.jpg,0,webcam,0.05
113102,28470202,https://storage.googleapis.com/sunrisesunset-32a25.firebasestorage.app/snapshots/28470202/1783762259939.jpg,0,webcam,0.0
70354,11742298,https://storage.googleapis.com/sunrisesunset-32a25.firebasestorage.app/snapshots/11742298/1771135369058.jpg,0,webcam,0.0
94690,15293,https://storage.googleapis.com/sunrisesunset-32a25.firebasestorage.app/snapshots/15293/1774937911820.jpg,0,webcam,0.0
119268,29160955,https://storage.googleapis.com/sunrisesunset-32a25.firebasestorage.app/snapshots/29160955/1785456070140.jpg,0,webcam,0.15
78945,160,https://storage.googleapis.com/sunrisesunset-32a25.firebasestorage.app/snapshots/160/1773149943342.jpg,0,webcam,0.0
104887,28782057,https://storage.googleapis.com/sunrisesunset-32a25.firebasestorage.app/snapshots/28782057/1781473564030.jpg,1,webcam,0.25
83625,4422,https://storage.googleapis.com/sunrisesunset-32a25.firebasestorage.app/snapshots/4422/1773476131925.jpg,0,webcam,0.0
87764,2964613,https://storage.googleapis.com/sunrisesunset-32a25.firebasestorage.app/snapshots/2964613/1773532476454.jpg,1,webcam,0.35
71714,7317,https://storage.googleapis.com/sunrisesunset-32a25.firebasestorage.app/snapshots/7317/1771408309548.jpg,0,webcam,0.0
118217,2921342,https://storage.googleapis.com/sunrisesunset-32a25.firebasestorage.app/snapshots/2921342/1785173458502.jpg,1,webcam,0.55
66691,8120042,https://storage.googleapis.com/sunrisesunset-32a25.firebasestorage.app/snapshots/8120042/1770358523900.jpg,0,webcam,0.0
92514,17458813,https://storage.googleapis.com/sunrisesunset-32a25.firebasestorage.app/snapshots/17458813/1774523793578.jpg,0,webcam,0.0
77846,2610,https://storage.googleapis.com/sunrisesunset-32a25.firebasestorage.app/snapshots/2610/1772873163032.jpg,0,webcam,0.35
86221,1946,https://storage.googleapis.com/sunrisesunset-32a25.firebasestorage.app/snapshots/1946/1773510751572.jpg,0,webcam,0.0
83738,15938105,https://storage.googleapis.com/sunrisesunset-32a25.firebasestorage.app/snapshots/15938105/1773477994651.jpg,0,webcam,0.0
84075,2944022,https://storage.googleapis.com/sunrisesunset-32a25.firebasestorage.app/snapshots/2944022/1773482554091.jpg,0,webcam,0.0
116452,4204207,https://storage.googleapis.com/sunrisesunset-32a25.firebasestorage.app/snapshots/4204207/1784664964465.jpg,1,webcam,0.4
78646,418,https://storage.googleapis.com/sunrisesunset-32a25.firebasestorage.app/snapshots/418/1773077043150.jpg,0,webcam,0.65
71532,160,https://storage.googleapis.com/sunrisesunset-32a25.firebasestorage.app/snapshots/160/1771368589813.jpg,0,webcam,0.0
112950,28984926,https://storage.googleapis.com/sunrisesunset-32a25.firebasestorage.app/snapshots/28984926/1783720924669.jpg,0,webcam,0.05
70327,6148965,https://storage.googleapis.com/sunrisesunset-32a25.firebasestorage.app/snapshots/6148965/1771130208858.jpg,0,webcam,0.0
87936,16145085,https://storage.googleapis.com/sunrisesunset-32a25.firebasestorage.app/snapshots/16145085/1773534341726.jpg,0,webcam,0.45
80451,16486568,https://storage.googleapis.com/sunrisesunset-32a25.firebasestorage.app/snapshots/16486568/1773432912311.jpg,0,webcam,0.45
71592,5006,https://storage.googleapis.com/sunrisesunset-32a25.firebasestorage.app/snapshots/5006/1771380169712.jpg,0,webcam,0.0
76257,10300,https://storage.googleapis.com/sunrisesunset-32a25.firebasestorage.app/snapshots/10300/1772499353391.jpg,0,webcam,0.0
113201,3508582,https://storage.googleapis.com/sunrisesunset-32a25.firebasestorage.app/snapshots/3508582/1783795562450.jpg,0,webcam,0.1
96786,548,https://storage.googleapis.com/sunrisesunset-32a25.firebasestorage.app/snapshots/548/1775409393302.jpg,0,webcam,0.0
80770,3129614,https://storage.googleapis.com/sunrisesunset-32a25.firebasestorage.app/snapshots/3129614/1773438263446.jpg,0,webcam,0.0
79730,160,https://storage.googleapis.com/sunrisesunset-32a25.firebasestorage.app/snapshots/160/1773325890068.jpg,0,webcam,0.35
74347,548,https://storage.googleapis.com/sunrisesunset-32a25.firebasestorage.app/snapshots/548/1772031950322.jpg,0,webcam,0.0
109317,28916597,https://storage.googleapis.com/sunrisesunset-32a25.firebasestorage.app/snapshots/28916597/1782708361421.jpg,1,webcam,0.55
106203,28799369,https://storage.googleapis.com/sunrisesunset-32a25.firebasestorage.app/snapshots/28799369/1781840768549.jpg,0,webcam,0.3
77967,4831942,https://storage.googleapis.com/sunrisesunset-32a25.firebasestorage.app/snapshots/4831942/1772906583324.jpg,0,webcam,0.0
95291,7437608,https://storage.googleapis.com/sunrisesunset-32a25.firebasestorage.app/snapshots/7437608/1775066672173.jpg,1,webcam,0.45
111530,25804658,https://storage.googleapis.com/sunrisesunset-32a25.firebasestorage.app/snapshots/25804658/1783322164186.jpg,0,webcam,0.05
66802,10303154,https://storage.googleapis.com/sunrisesunset-32a25.firebasestorage.app/snapshots/10303154/1770398436239.jpg,1,webcam,0.55
89896,10300,https://storage.googleapis.com/sunrisesunset-32a25.firebasestorage.app/snapshots/10300/1773962912065.jpg,0,webcam,0.0
66482,3092,https://storage.googleapis.com/sunrisesunset-32a25.firebasestorage.app/snapshots/3092/1764618882283.jpg,1,webcam,0.45
114366,38,https://storage.googleapis.com/sunrisesunset-32a25.firebasestorage.app/snapshots/38/1784105170988.jpg,1,webcam,0.35
118675,29123717,https://storage.googleapis.com/sunrisesunset-32a25.firebasestorage.app/snapshots/29123717/1785295917635.jpg,0,webcam,0.15
84612,15067105,https://storage.googleapis.com/sunrisesunset-32a25.firebasestorage.app/snapshots/15067105/1773488319519.jpg,0,webcam,0.0
85149,2966334,https://storage.googleapis.com/sunrisesunset-32a25.firebasestorage.app/snapshots/2966334/1773494375126.jpg,0,webcam,0.0
111170,28799369,https://storage.googleapis.com/sunrisesunset-32a25.firebasestorage.app/snapshots/28799369/1783224970080.jpg,0,webcam,0.05
